{"cameraMode":{"drawMode":0,"name":"Shaded","section":"Shading Mode"},"sceneLighting":true,"audioPlay":false,"sceneViewState":{"showFog":true,"showMaterialUpdate":false,"showSkybox":true,"showFlares":true,"showImageEffects":true,"showParticleSystems":true},"in2DMode":false,"pivot":{"x":9.446013450622559,"y":-1.2167448997497559,"z":2.184647560119629},"rotation":{"x":0.07294228672981262,"y":0.8219433426856995,"z":-0.10813741385936737,"w":0.5544320344924927},"size":13.730904579162598,"orthographic":false}